adjuster_id,adjuster_name,experience_years,region
1,Jessica Garcia,4,South
2,Jessica Garcia,4,South
3,Jessica Garcia,12,South
4,Jessica Garcia,2,South
5,Jessica Garcia,12,South
6,Jessica Garcia,22,South
7,Jessica Garcia,16,South
8,Jessica Garcia,9,South
9,Jessica Garcia,22,South
10,Jessica Garcia,21,South
11,Jessica Garcia,21,South
12,Jessica Garcia,17,South
13,Jessica Garcia,11,South
14,Jessica Garcia,19,South
15,Jessica Garcia,13,South
16,Jessica Garcia,4,South
17,Jessica Garcia,20,South
18,Jessica Garcia,20,South
19,Jessica Garcia,5,South
20,Jessica Garcia,5,South
21,Jessica Garcia,16,South
22,Jessica Garcia,12,South
23,Jessica Garcia,1,South
24,Jessica Garcia,17,South
25,Jessica Garcia,9,South
26,Jessica Garcia,16,South
27,Jessica Garcia,12,South
28,Jessica Garcia,6,South
29,Jessica Garcia,1,South
30,Jessica Garcia,11,South
31,Jessica Garcia,22,South
32,Jessica Garcia,12,South
33,Jessica Garcia,13,South
34,Jessica Garcia,22,South
35,Jessica Garcia,17,South
36,Jessica Garcia,18,South
37,Jessica Garcia,6,South
38,Jessica Garcia,7,South
39,Jessica Garcia,10,South
40,Jessica Garcia,10,South
