agent_id,agent_name,region,hire_date,agent_tier
1,Donald Allen,South,2024-02-19,Silver
2,Donald Allen,South,2016-09-08,Gold
3,Donald Allen,South,2024-10-12,Silver
4,Donald Allen,South,2018-09-05,Gold
5,Donald Allen,South,2008-10-06,Gold
6,Donald Allen,South,2009-11-12,Bronze
7,Donald Allen,South,2014-05-15,Gold
8,Donald Allen,South,2013-10-10,Silver
9,Donald Allen,South,2018-06-22,Bronze
10,Donald Allen,South,2015-02-09,Gold
11,Donald Allen,South,2014-09-06,Bronze
12,Donald Allen,South,2011-02-01,Bronze
13,Donald Allen,South,2020-06-21,Bronze
14,Donald Allen,South,2015-07-13,Gold
15,Donald Allen,South,2013-12-07,Silver
16,Donald Allen,South,2009-01-08,Silver
17,Donald Allen,South,2018-10-30,Gold
18,Donald Allen,South,2017-01-28,Gold
19,Donald Allen,South,2012-07-30,Gold
20,Donald Allen,South,2010-04-10,Bronze
21,Donald Allen,South,2020-12-10,Silver
22,Donald Allen,South,2012-08-06,Bronze
23,Donald Allen,South,2010-03-25,Bronze
24,Donald Allen,South,2022-08-29,Bronze
25,Donald Allen,South,2013-04-01,Bronze
26,Donald Allen,South,2012-10-05,Bronze
27,Donald Allen,South,2010-05-06,Bronze
28,Donald Allen,South,2020-09-12,Gold
29,Donald Allen,South,2012-06-28,Silver
30,Donald Allen,South,2012-04-13,Gold
31,Donald Allen,South,2018-12-11,Bronze
32,Donald Allen,South,2015-03-16,Silver
33,Donald Allen,South,2013-11-14,Gold
34,Donald Allen,South,2016-03-16,Gold
35,Donald Allen,South,2023-01-01,Gold
36,Donald Allen,South,2021-12-15,Gold
37,Donald Allen,South,2017-10-02,Bronze
38,Donald Allen,South,2016-11-22,Silver
39,Donald Allen,South,2024-06-09,Gold
40,Donald Allen,South,2011-04-11,Silver
41,Donald Allen,South,2024-03-19,Bronze
42,Donald Allen,South,2019-06-17,Bronze
43,Donald Allen,South,2014-02-23,Bronze
44,Donald Allen,South,2014-12-24,Silver
45,Donald Allen,South,2017-07-16,Gold
46,Donald Allen,South,2013-01-24,Gold
47,Donald Allen,South,2021-02-02,Bronze
48,Donald Allen,South,2008-11-07,Silver
49,Donald Allen,South,2024-01-01,Silver
50,Donald Allen,South,2014-09-25,Bronze
51,Donald Allen,South,2020-09-27,Gold
52,Donald Allen,South,2018-11-14,Bronze
53,Donald Allen,South,2009-05-24,Gold
54,Donald Allen,South,2022-07-11,Bronze
55,Donald Allen,South,2017-03-16,Silver
56,Donald Allen,South,2016-03-27,Gold
57,Donald Allen,South,2011-11-27,Silver
58,Donald Allen,South,2022-07-02,Gold
59,Donald Allen,South,2019-08-26,Gold
60,Donald Allen,South,2013-08-16,Silver
61,Donald Allen,South,2012-12-18,Silver
62,Donald Allen,South,2008-07-03,Silver
63,Donald Allen,South,2020-03-27,Silver
64,Donald Allen,South,2017-05-31,Gold
65,Donald Allen,South,2018-03-08,Bronze
66,Donald Allen,South,2024-12-25,Silver
67,Donald Allen,South,2018-04-18,Gold
68,Donald Allen,South,2024-12-17,Silver
69,Donald Allen,South,2016-03-08,Gold
70,Donald Allen,South,2015-08-29,Bronze
71,Donald Allen,South,2024-05-20,Silver
72,Donald Allen,South,2008-12-18,Gold
73,Donald Allen,South,2009-12-28,Bronze
74,Donald Allen,South,2024-03-30,Gold
75,Donald Allen,South,2016-12-30,Bronze
76,Donald Allen,South,2014-10-19,Bronze
77,Donald Allen,South,2017-08-03,Silver
78,Donald Allen,South,2021-05-27,Gold
79,Donald Allen,South,2020-04-21,Silver
80,Donald Allen,South,2018-03-06,Gold
81,Donald Allen,South,2012-01-11,Silver
82,Donald Allen,South,2017-02-01,Silver
83,Donald Allen,South,2022-10-01,Gold
84,Donald Allen,South,2021-04-22,Silver
85,Donald Allen,South,2009-04-08,Bronze
86,Donald Allen,South,2017-03-10,Silver
87,Donald Allen,South,2016-10-24,Bronze
88,Donald Allen,South,2021-09-24,Gold
89,Donald Allen,South,2010-03-03,Gold
90,Donald Allen,South,2023-01-03,Bronze
91,Donald Allen,South,2018-02-05,Gold
92,Donald Allen,South,2015-10-05,Bronze
93,Donald Allen,South,2009-06-14,Gold
94,Donald Allen,South,2008-01-03,Gold
95,Donald Allen,South,2009-07-01,Silver
96,Donald Allen,South,2013-07-07,Silver
97,Donald Allen,South,2009-11-14,Silver
98,Donald Allen,South,2009-05-31,Bronze
99,Donald Allen,South,2015-07-28,Gold
100,Donald Allen,South,2023-03-19,Bronze
101,Donald Allen,South,2015-07-26,Silver
102,Donald Allen,South,2021-06-21,Gold
103,Donald Allen,South,2024-09-02,Silver
104,Donald Allen,South,2016-10-19,Bronze
105,Donald Allen,South,2012-07-24,Silver
106,Donald Allen,South,2010-09-21,Silver
107,Donald Allen,South,2011-06-26,Gold
108,Donald Allen,South,2013-12-07,Bronze
109,Donald Allen,South,2018-03-07,Bronze
110,Donald Allen,South,2021-07-19,Bronze
111,Donald Allen,South,2011-03-20,Gold
112,Donald Allen,South,2016-08-15,Gold
113,Donald Allen,South,2015-09-30,Bronze
114,Donald Allen,South,2022-12-01,Gold
115,Donald Allen,South,2015-06-20,Bronze
116,Donald Allen,South,2010-08-14,Bronze
117,Donald Allen,South,2023-11-24,Silver
118,Donald Allen,South,2015-10-26,Bronze
119,Donald Allen,South,2024-06-23,Bronze
120,Donald Allen,South,2011-08-13,Silver
